customer_id,age,tenure_months,monthly_charges,total_charges,num_products,has_support_tickets,churned
1,56,15,55.16226872396344,1567.0383830212381,2,0,0
2,69,64,30.142082844921653,1857.706074543366,4,0,0
3,46,28,68.58717591863257,4041.7423176295747,2,0,0
4,32,39,45.677656772050796,1465.9233748313097,4,1,0
5,60,57,48.48729019619228,1132.4543229492956,4,0,0
6,25,17,50.72899649262865,4791.495293286671,3,1,0
7,38,44,100.30258978326634,143.4300970559976,1,1,0
8,56,25,73.91612766752544,4989.322192841693,4,1,1
9,36,17,51.13076991560037,3416.4243644012386,3,1,1
10,40,13,81.03337833109184,4159.499567300674,1,0,1
11,28,25,91.61506742231936,1543.6350420963465,2,1,1
12,28,68,47.262400073353376,170.1448605685939,1,0,0
13,41,10,61.354910152535155,3715.560640951497,4,1,1
14,53,67,32.18860933369476,4187.308525303311,4,0,0
15,57,18,38.11493495346803,3728.333046572244,4,0,0
16,41,34,88.11178539649828,799.9664077741091,4,1,0
17,20,8,38.143834769562694,3791.7968190591487,4,1,1
18,39,40,72.51633836670601,3867.7216323274406,3,1,1
19,19,42,90.90462617224327,3326.848526783269,4,0,1
20,41,41,30.687692309474386,3853.9680706983722,3,1,0
21,61,6,76.73122196289034,4245.015054420887,2,1,1
22,47,52,45.65627837013638,3106.6601597635463,4,0,0
23,55,26,116.29268752375798,534.1630984514275,4,1,1
24,19,64,68.35456467199248,2489.376267369333,1,0,0
25,38,59,100.59925497751581,480.4817398908648,2,1,1
26,50,56,75.02265421562618,2096.960852058911,4,0,0
27,29,59,24.341253285481915,2094.821796715575,4,0,0
28,39,70,83.31513755940223,423.44823628718376,2,1,0
29,61,33,115.14033422066571,1809.2206164504487,3,0,0
30,42,53,80.16118201463311,643.8906840774426,4,1,1
31,66,22,101.91888594267903,4060.3525290451885,1,1,1
32,44,21,108.42064633484078,4743.671327225907,4,0,0
33,59,70,42.80797719489325,454.35072876389916,1,1,0
34,45,70,41.204483990822666,4780.064515729337,1,0,0
35,33,4,81.09809888509918,2660.6253367500512,4,0,0
36,32,62,61.10284698067047,1567.8718219739822,4,0,0
37,64,62,103.98613028667204,476.6241688532012,1,0,0
38,68,24,110.00231233980112,2553.0589135450473,2,0,0
39,61,55,55.34213793027181,3993.1261680046687,2,0,0
40,69,9,43.687055897448204,3564.723738606821,4,0,1
41,20,3,98.05255152438619,346.1074561734714,3,0,0
42,54,31,47.48060355481361,457.2189933027272,2,1,1
43,68,40,102.26143185136785,2074.079084899922,4,1,1
44,24,36,62.37382536487628,1546.9234208349221,2,0,0
45,38,24,86.75498992914704,1238.6831829746343,3,1,1
46,26,6,29.55353138346682,1476.9220446526965,4,1,1
47,56,66,82.3859324676573,4037.0654421547347,3,1,1
48,35,4,65.17676787372291,4653.217462796084,4,1,0
49,21,6,78.66084631754741,2085.0032031850756,3,1,1
50,42,51,36.801420774486346,4539.943910449236,2,1,0
51,31,62,93.68737449441821,1675.3289361146217,2,0,0
52,67,57,106.27970775432286,2434.541233084579,3,1,0
53,26,66,41.67398000907757,1207.5420892983987,3,1,0
54,43,8,29.57145555201617,3238.3326066616355,3,1,1
55,19,26,22.36385860463364,4897.007464356564,4,1,0
56,37,51,84.1971500443266,3057.1161706125554,2,0,0
57,45,45,80.70940360887808,1853.2890121563894,4,0,0
58,64,44,74.669741271407,3274.305485353589,2,0,0
59,24,5,43.194709611597546,702.3113244803991,1,0,0
60,61,70,59.09059959055147,4454.429493300453,4,1,0
61,25,26,79.4476335186173,2565.1113588211983,2,0,0
62,64,68,69.67668588591694,2301.813735994246,2,0,0
63,52,19,118.77855202148874,2970.737463422244,4,0,0
64,31,20,33.64397525567331,3161.440927668072,4,0,0
65,34,12,89.51445540475937,451.70145050991385,2,1,1
66,53,47,60.431876810429216,3444.8243839946717,4,0,0
67,67,1,62.819961492561475,1285.465233546095,3,1,0
68,57,14,91.75977656581762,3598.36789928229,4,0,0
69,21,64,89.24361513243696,4130.420492482564,4,1,0
70,19,38,119.12559937021884,4039.3966870073496,4,1,1
71,23,37,32.83942894541252,2807.2547402986565,2,0,0
72,59,11,30.410964938416633,2648.8324723226806,3,0,0
73,21,3,92.43388171287411,800.0922105631174,1,0,1
74,46,33,77.83869170064091,3899.1961369753644,1,0,0
75,35,6,47.416066655980586,1429.9059641889005,3,1,0
76,43,50,27.94193689889866,2533.807571807938,3,1,1
77,61,10,28.565824959643052,1492.943055344832,3,0,0
78,51,5,109.41908746641182,755.7589786984964,2,0,1
79,27,23,39.18673247187429,3184.832714769509,1,1,1
80,53,10,52.33715621155208,366.22697063222876,3,0,0
81,31,44,42.6656402226988,3768.36164721838,2,1,0
82,48,2,55.49963058319373,1656.1752967794716,1,0,0
83,65,13,26.94238427460934,100.65999572197806,4,1,0
84,32,40,71.90597909082703,2604.532782262426,2,1,0
85,25,2,26.76125635922149,329.5743517852553,1,1,0
86,31,65,100.03565078223616,1453.2308333224073,2,1,1
87,40,63,43.3712081910433,3564.1847885330094,1,1,0
88,57,17,74.00119146045105,407.17914594714273,1,0,0
89,38,9,108.00790875614582,4212.758612544411,4,1,1
90,33,15,85.08773690471942,118.71762102705723,2,0,1
91,62,24,73.29577865513353,1309.436959089321,3,1,0
92,35,38,52.43337531153756,3730.42987514515,4,1,1
93,64,35,53.300191305819794,1649.7237336736032,4,0,0
94,41,49,86.94869551981901,599.2727015234664,1,0,0
95,43,69,119.41393612211675,1865.1462021220966,3,0,0
96,42,62,86.18391898493786,1424.927103284175,2,0,0
97,62,60,75.77834173700249,4229.288320586719,3,1,0
98,58,50,93.06505102392461,1635.4047961672013,3,0,0
99,46,9,66.52056122837182,3965.7691117024356,3,1,0
100,32,34,26.01423426007852,4470.1735095726,3,0,0
101,62,35,76.22968158779098,2225.705355924995,3,0,0
102,18,1,115.76252845053801,4558.721404886521,1,1,1
103,42,40,37.530294235765965,1948.8584644196449,1,1,0
104,24,64,89.00048908206658,4823.98424080153,4,0,0
105,26,22,40.093368865905646,537.5186701753073,1,1,0
106,41,60,73.58276844730813,3466.3944058658894,4,1,0
107,18,64,29.66764496467196,2519.6887982389503,4,1,0
108,61,11,65.03709362581851,1999.4791467326706,2,1,1
109,25,14,95.61633288952461,3200.2882058681444,3,1,1
110,41,60,54.757152423898205,3548.899749008223,1,1,0
111,28,30,86.4911724487218,121.38002128651453,2,1,0
112,68,35,99.54499607897291,918.0701348612737,1,1,0
113,34,37,112.71778194794527,3593.9256481081616,4,0,1
114,25,5,43.46420818554535,3365.2885265332116,1,1,0
115,52,26,59.931591580930814,4833.632775130518,3,0,0
116,52,62,35.24160133304174,3829.0851722288367,4,1,0
117,50,4,119.24835021583752,4758.786267883556,4,1,1
118,22,42,112.70009679242953,3542.4484575205543,2,1,0
119,59,18,73.99571302805596,1560.4558223332715,3,1,0
120,56,40,104.20332943764213,616.2881190291968,4,0,0
121,58,39,72.09579772720423,3930.9369303901844,3,0,0
122,45,14,82.35856880027598,3256.331185231988,1,1,1
123,24,32,28.912443211601662,336.11146072715155,3,0,0
124,26,51,95.52704204968079,1864.247282914794,4,1,0
125,25,38,32.77134836352349,4788.319095873002,2,1,0
126,29,23,102.60676302525283,2551.965613979986,4,0,0
127,51,63,98.20280876703859,2220.3727664965527,3,0,0
128,50,15,90.87446977429764,2342.7280652805407,3,1,1
129,65,25,23.616038052476213,1123.5253476253024,4,1,1
130,40,17,50.31283559453286,1906.6651372374965,3,0,0
131,41,66,46.311256991084285,1912.0849543371655,1,1,0
132,54,53,56.01364074715191,356.5395989186148,4,0,0
133,52,51,28.764274676383856,3861.0813797377996,2,1,0
134,61,39,113.69578230310628,2140.871716329007,4,1,1
135,57,51,75.38022407123762,4128.681445400474,1,0,0
136,39,70,50.55243106580235,4266.705205487488,1,0,0
137,44,6,59.698151707428345,1138.7708680234246,1,0,1
138,52,67,64.72025405048356,3321.03206263363,1,1,0
139,18,7,80.05943333606173,2414.1808403986106,1,1,1
140,52,51,71.56794276964978,4412.768015815277,2,1,0
141,54,42,111.93919732144174,1157.1293279646252,3,1,1
142,64,64,69.69634829058302,3421.2846815192165,1,0,0
143,31,15,119.21580148233127,3077.985399038341,1,1,0
144,20,29,105.14249577450957,1546.9772401019807,4,1,0
145,18,33,40.85105143573358,769.3444278907458,2,1,1
146,22,27,113.05952146439162,3293.034826338655,2,0,0
147,43,36,31.63663978854761,3719.1275448484203,3,1,0
148,31,29,101.74497084911916,1646.573984440415,2,1,0
149,56,38,58.06232934765801,3259.6797597093378,4,0,0
150,44,57,107.79743204450695,2036.141447296366,4,1,0
151,26,27,106.80566901074504,3594.713728084827,3,1,0
152,32,55,100.59254001176211,1076.1548469808604,4,0,1
153,32,33,99.00304363070614,4462.053512917254,1,1,1
154,43,68,50.46791390980408,1508.3070226813406,1,1,0
155,59,66,28.09192830512522,1902.1513400051492,4,1,1
156,30,10,60.29801787651615,384.65056519371393,3,0,0
157,68,5,37.352451498650865,646.4098403742544,2,1,0
158,49,38,89.49510889024617,2627.7233232904077,3,1,0
159,56,13,54.609972653778556,1411.2041159670603,2,0,0
160,66,31,117.56102008599149,4193.853106136752,4,0,0
161,69,47,84.0972077345332,171.99760440927383,4,1,0
162,49,52,102.24805636343609,1957.5608384924874,1,1,1
163,21,56,33.252467274184845,1752.9931791685542,2,1,0
164,47,15,106.20144822726226,194.70539149624506,3,1,1
165,54,29,112.27571905133944,709.4051551025001,4,0,1
166,40,8,68.70619188189359,2126.8491071013127,3,1,1
167,56,5,80.62529377509775,2515.0364637924886,1,0,0
168,62,29,96.48098009029954,2081.0197615488587,2,0,0
169,32,47,37.48386272604125,2701.59462421926,2,1,0
170,60,68,70.25660764634424,3016.1452070378396,4,1,0
171,46,45,59.86630277723131,148.62672352639458,2,0,0
172,53,2,34.63739921622491,2374.066281322169,4,0,0
173,30,27,56.753442229153144,4821.146280349183,1,1,0
174,49,36,26.817230938549358,2643.258172634789,2,0,0
175,24,36,22.5811906949487,3419.957110548871,4,1,0
176,68,26,33.51662891548227,1628.1329037927278,3,1,0
177,39,43,116.31151115891738,3892.5577529485363,4,0,1
178,45,27,74.9529535895017,3887.315261192964,2,0,0
179,19,69,116.582216115322,2654.3506335052807,1,1,1
180,59,20,63.2497878330132,4882.4677340681465,2,0,0
181,62,11,51.181613308525954,715.1960523370016,2,1,0
182,23,38,70.61418628402441,183.04355795894685,4,1,0
183,45,6,63.95116886329101,3873.77523760977,3,1,1
184,45,23,30.566468426174392,4055.0621330879244,2,0,0
185,61,47,84.08263146902063,689.0154226908236,3,1,0
186,61,46,41.60381825095996,1401.3558814971698,4,1,1
187,37,12,81.95879548978296,186.00658049648166,3,1,0
188,47,13,85.02010923981534,1537.212192824767,4,1,0
189,28,62,35.20248531286481,3888.3951822014906,1,1,0
190,45,60,26.134962711066816,2638.006585791637,3,1,0
191,42,43,98.07615860684398,1805.6684065246116,3,1,1
192,56,68,65.98004237693202,1921.5225450410185,1,1,0
193,50,5,25.81637955054758,106.63276600579395,3,1,1
194,18,37,119.48663171697672,1569.0225850696559,1,1,1
195,44,31,25.778056099636665,3267.6478340258595,2,1,0
196,69,9,89.50352288585532,4873.55277470015,4,0,0
197,30,51,118.36789252634136,4250.5980522211075,1,1,1
198,58,29,43.91801042159256,215.61532676309272,3,1,0
199,20,40,34.22493686871962,4502.9469629067125,1,1,0
200,56,41,32.13849394224289,3937.6722251632673,3,0,0
201,23,11,50.327514756759555,3923.843005497804,2,1,1
202,25,23,30.104581101064667,2344.1792191175005,1,0,0
203,44,1,89.2161341694132,2050.225935477064,2,1,1
204,26,46,26.22917981300627,1584.2870712826439,4,1,1
205,54,21,70.94221281497897,421.9048088763923,3,0,0
206,50,36,119.66968538529768,1218.3532811191255,3,1,0
207,68,54,101.39702695060188,1308.3578113923206,2,0,0
208,59,57,81.52194382310108,2471.977641579988,4,0,1
209,61,1,50.62536207866117,3762.4775923238003,1,1,1
210,41,63,82.38958362916384,2421.668159149938,1,1,1
211,32,54,72.70414639116515,383.437802291087,3,1,0
212,49,55,62.60833838903715,4793.170024842199,2,1,0
213,49,40,33.07103767401995,4719.34916356115,2,0,0
214,41,15,108.66042152404667,3947.428761427201,1,0,1
215,58,21,64.97846488213224,4957.506717664681,4,1,0
216,69,47,39.46225118207651,2767.963430721288,4,0,0
217,66,53,56.77593508772896,4817.56491624071,1,0,0
218,66,9,61.4129752528927,470.4646990220788,1,1,0
219,69,52,102.75378955668742,1891.8356664807195,2,0,0
220,29,57,93.3614380561402,1204.3682132331526,4,0,1
221,56,26,96.93048936413398,1059.5821122579232,1,1,1
222,19,41,21.10312644286472,789.9344495741128,1,0,0
223,20,35,61.615399817976154,3149.826843673384,3,1,1
224,66,63,68.13441516353237,3928.477093161795,1,0,0
225,54,25,21.919227682305667,2933.662157159767,1,1,1
226,66,38,45.981320874503425,820.1172769822274,4,0,0
227,34,2,96.0289823122135,4074.5064726740075,2,0,1
228,66,7,33.7109705728999,3216.1780651022696,4,1,0
229,19,34,73.53101314525917,2002.0119600222781,2,1,0
230,19,17,41.52018720172375,3403.2384481267086,3,1,0
231,45,43,21.212077464389328,1373.534398289881,1,1,0
232,40,59,44.12014575995415,1791.4418216216316,3,0,0
233,54,51,117.58737549100537,4595.680631346752,2,0,0
234,49,54,100.15371118829896,1523.47207778996,4,0,0
235,50,24,115.95766443210334,2402.942513973889,4,1,1
236,18,25,68.78540439263625,4461.691573240471,3,0,0
237,36,71,30.97361986775035,3567.8346163108845,2,0,0
238,19,52,74.7959488973693,404.7958082070435,3,1,0
239,61,70,65.4377334559961,821.7849169669547,3,1,0
240,43,33,104.4357082739616,138.4237947823924,1,0,0
241,49,49,29.80825807842446,3191.5167721229004,3,1,0
242,23,29,68.82411370217781,2293.5997845110496,1,0,0
243,49,63,35.00486646939842,757.9467694211501,1,0,0
244,21,22,52.467592689006,4793.877193178175,4,1,0
245,28,26,93.73570773877996,2695.3326473335374,1,0,0
246,34,28,67.60181293687666,1285.277141153157,1,1,1
247,55,49,57.58882851457693,2552.957498658067,4,1,0
248,41,71,59.44762785700353,3430.139630402028,3,0,0
249,22,49,65.94467684059866,473.5721680704659,2,0,0
250,69,20,98.50165438370568,1446.0486937346707,2,0,0
251,51,63,109.20846889402344,4054.1309053315686,2,1,1
252,23,61,115.53346865039283,2352.3578649730403,3,0,0
253,39,49,98.6903386255295,2778.227995958245,1,1,1
254,28,71,51.54068957480128,2220.7984108263995,2,1,0
255,65,1,88.81347060865421,315.1097189507251,3,0,1
256,33,13,63.760312405539196,912.173921118764,1,1,0
257,50,51,45.467062204605114,2283.154029835265,4,0,0
258,26,56,104.08715794259226,1125.0087804988464,2,0,0
259,23,62,23.8426348962325,344.8972404324258,1,0,0
260,33,32,110.17619921354235,4233.883353853937,2,0,1
261,46,30,66.1477464624734,4907.843392904168,2,0,0
262,20,29,83.72014768082803,3986.400082584023,2,0,0
263,37,49,85.93539222057827,4283.546116352868,1,0,0
264,53,45,109.51177407065364,1285.6879385535224,3,1,1
265,36,30,83.66696821672073,4807.072180014678,1,0,0
266,43,16,81.39335847600617,1064.935951821799,2,1,0
267,20,40,26.665204056068994,4762.006070772978,1,1,0
268,36,19,71.8408021945204,4974.61454043316,4,1,0
269,37,18,35.016900081704165,3587.441748155639,3,0,0
270,49,1,93.74337687214856,4907.6042857799275,1,1,0
271,24,47,71.22219208126745,2890.744919878808,4,1,1
272,69,66,88.02277792083532,1371.7547375628426,3,0,0
273,58,38,24.16729006023843,2241.2798397615425,4,0,0
274,50,51,28.47920160458032,3008.448583356051,3,1,0
275,57,63,91.63233880626822,458.0996539323734,1,0,1
276,56,4,27.208433599867337,3149.481996624506,4,0,0
277,35,1,27.12567277652586,4907.771400135243,2,0,1
278,57,8,21.210847523488745,1031.5274839402655,4,0,0
279,18,29,115.65013982994802,3983.7160698130783,3,1,1
280,28,55,93.75083594590069,4548.704089520134,1,0,1
281,45,3,55.32514085020642,4724.137804819082,3,0,0
282,42,32,49.653558128765525,4804.664461586692,4,0,0
283,67,10,54.97032297458495,2655.1522297352126,4,1,0
284,40,34,97.46535311811819,4888.808749158368,2,1,0
285,48,55,86.13706110704143,3810.8200149587506,1,0,1
286,47,32,38.51955678674679,892.1900375611133,1,0,0
287,59,50,37.41093353340844,2436.810521693053,4,1,1
288,52,7,29.839564971339733,3619.8227593228194,1,0,0
289,24,8,86.03027197013381,1311.9675475135084,2,0,1
290,33,65,96.43726622217359,3239.014399389548,3,1,0
291,43,57,46.5046428325004,3366.3423473284342,1,0,0
292,65,67,22.09449610309128,897.2287446619729,4,0,0
293,69,59,28.217166747642736,2868.9180310185056,3,1,0
294,66,54,116.78600348450304,3880.971863795178,3,1,0
295,19,67,49.54447774774202,2544.5887562261155,2,0,0
296,18,51,96.92231478381336,159.30527220292637,4,1,0
297,65,8,82.46635688542638,144.28849848853167,1,0,0
298,29,34,58.19396396528959,1849.4437854530597,4,0,0
299,22,35,40.568726219555515,4638.3509353157315,3,0,0
300,54,32,32.138641815940645,1220.516220057683,4,1,1
301,49,46,81.50129680388666,3208.382075471267,1,1,1
302,26,16,97.4633780637788,1188.1717663972709,1,0,0
303,58,68,84.39042535411306,1676.1829493317882,2,0,0
304,52,37,73.03021332491583,4255.406239047272,1,1,1
305,36,54,24.195122343163625,3671.4210671227397,1,1,0
306,65,14,116.84887775943838,567.4564588347321,4,1,1
307,33,55,99.87141916545745,2200.639902833525,4,0,0
308,20,48,49.28220367009648,242.9318418617959,3,1,0
309,37,7,117.99703293588506,2456.361718354744,2,1,1
310,41,7,80.18815896363222,3345.926657335234,4,0,0
311,50,33,78.24226582072464,680.6628556309427,1,0,0
312,41,23,94.8073179429532,1515.5362006549117,3,0,1
313,69,19,101.17697880901376,2049.3994649605693,4,1,0
314,28,19,85.64786073315027,4605.702020814644,2,0,1
315,66,36,32.80957463662,4966.949575572524,2,0,0
316,25,29,53.82675059944984,320.0653650785177,3,0,0
317,53,60,112.80836403260497,3828.938825127421,3,0,1
318,55,2,42.46156118438519,1921.447925371482,3,1,1
319,57,1,57.21670238375133,2023.0451125244522,3,0,0
320,37,47,63.2076882944196,3795.8983694004114,3,1,0
321,52,69,63.940498969445215,4600.289517512502,1,1,0
322,65,20,81.29395824945254,4759.550113062487,1,1,1
323,42,11,114.30758377447076,2927.9006715877717,4,0,1
324,52,2,44.06927118325049,1849.8936805724638,2,1,1
325,42,67,32.150137630091805,3958.9905207080183,1,0,0
326,46,12,39.74704898599373,1329.9067779852712,1,0,0
327,35,20,108.69249002092695,2863.962741284237,1,0,0
328,63,5,84.5810812655206,1857.0344614718786,4,1,1
329,35,37,48.590678923916016,3317.492261168593,3,0,0
330,19,38,101.59469389686173,1277.9546731781838,4,0,0
331,52,9,106.1369996363436,1038.8054341006464,2,0,0
332,33,53,104.6514338690278,4599.371524709642,2,1,1
333,58,44,111.89265336395545,598.8380464527309,2,1,0
334,53,24,45.22410201733616,2579.193747901165,2,1,1
335,50,30,95.50419287462783,1182.1786365187438,1,0,1
336,21,59,66.053949727414,290.75682029577047,1,1,0
337,50,14,104.19985528900615,276.4922096279893,4,0,0
338,31,9,92.84906771616131,958.586683318554,3,0,0
339,38,40,97.64474464997247,4347.174737079401,2,1,0
340,65,66,85.61618376810715,1484.1458454874307,4,0,0
341,37,25,37.74287694697068,4757.249935818949,1,1,1
342,25,22,74.50269188969384,2949.949235647048,1,0,0
343,24,4,118.46697395245081,2239.409529866954,3,1,1
344,20,26,113.73880664971189,2942.4352898803277,3,0,0
345,34,58,24.31737357970117,2631.822087608712,3,0,0
346,50,29,36.481481572943714,3818.0036434108933,4,0,0
347,65,37,33.17287734545619,1484.2307232669762,1,0,0
348,29,70,92.59799099852955,1829.9469188414816,1,0,0
349,68,18,101.77853298569451,4481.062082412928,3,1,1
350,39,42,41.35113663106719,4737.636914436986,2,0,0
351,39,41,70.5852692951829,4473.535314683725,3,1,1
352,63,38,104.07030280112,2155.2951703908366,4,1,1
353,47,34,93.28015447662506,3923.79096473372,3,1,1
354,55,17,74.22372054918483,2434.045093175384,3,0,0
355,55,37,79.03476904587728,2537.945275515901,4,0,0
356,62,25,70.836054691628,1102.9325343806913,3,0,0
357,68,27,49.75484513188206,2996.5384859667306,1,1,0
358,25,57,76.50219928590161,1012.0658989914049,2,0,0
359,44,31,88.88853020500906,1724.6670254292494,3,0,0
360,44,6,107.33229158608077,4289.647987937682,4,1,1
361,51,40,83.62913539792481,1114.6714651331906,2,1,0
362,38,12,96.1121537043158,448.67559734982075,4,1,1
363,47,53,36.0071634954573,438.1372038027999,2,1,1
364,50,71,66.15574744197899,4709.844150465228,2,1,0
365,45,10,20.93316198270933,2583.9101460129896,3,1,1
366,64,45,44.66788645216231,2106.11915190339,1,0,0
367,50,17,92.64617151130048,4073.3050469388004,3,1,1
368,22,26,119.18099513493634,4195.547046761529,4,0,0
369,65,62,29.91780995872159,1727.7360622664626,4,0,0
370,36,46,60.14943158612883,3498.7284816215965,2,0,0
371,21,64,100.00709686991596,3878.5017976742442,2,1,0
372,52,2,40.403563462889885,3307.7883656431773,1,0,1
373,66,54,75.50849493022862,842.8158665204869,3,1,0
374,34,65,93.30712960296748,4391.827109233579,4,1,1
375,61,51,81.5985450260179,2741.5633084064425,2,0,1
376,45,53,38.80247346154161,1484.1148892130182,1,1,1
377,47,36,55.538456868573945,2183.6181086447,4,0,0
378,46,26,98.37917844853972,284.09834295464617,2,0,0
379,63,29,75.42265141320166,726.5473259898461,4,1,1
380,23,21,20.522961354291272,3851.179077527718,1,0,0
381,52,11,96.09907600280938,100.05701030129408,1,0,1
382,58,40,23.531135494023907,2141.1725595632315,4,0,0
383,54,11,94.57337827312321,2660.2998873193833,3,1,0
384,41,36,40.24805601652374,367.70865800476423,4,0,0
385,46,59,115.80734801193802,4868.082998564431,2,1,0
386,66,39,56.79407513020845,1208.0141231233924,3,1,1
387,63,54,52.69316163380791,1590.5737262177763,2,0,0
388,48,55,34.888805033244466,1589.318310049634,4,0,0
389,52,24,50.560421549021484,1229.0416443750146,3,1,0
390,50,22,107.66507618282006,107.22172822292593,2,1,0
391,69,69,119.63343376272474,3673.789491031182,4,0,0
392,38,56,56.83095305068483,4837.542949016498,4,0,0
393,49,33,64.86106309545426,1199.0380680967207,3,1,1
394,40,36,92.2070938202737,3348.9312398367697,4,1,0
395,50,20,108.61957804650746,3735.292002097704,1,1,1
396,20,62,79.30443341867841,4257.284357543571,2,1,0
397,35,26,59.15256981778293,2170.8830653666846,2,1,0
398,42,66,61.262184084862376,1584.3614376381033,4,0,0
399,59,40,89.56181464968068,1693.9461567128524,4,1,0
400,48,17,20.321826360427867,3591.844532182713,1,1,0
401,20,1,81.95893374598407,4102.219385877617,3,0,0
402,57,61,55.54930104413574,989.9084420073531,4,0,0
403,63,43,99.41973312770843,1917.6109399730494,4,1,1
404,41,42,29.299063982313214,4519.506964070835,4,1,1
405,67,25,78.82022669483905,4052.7982465042223,4,0,0
406,49,39,68.09728898861238,4925.806173536132,2,1,1
407,64,35,84.23255259052274,3795.816472442196,4,1,0
408,39,3,26.485359448296833,2026.656485036819,2,0,0
409,40,44,77.99837874281313,2994.125386573725,4,1,0
410,19,51,76.14845879595237,3338.9698458118696,3,0,0
411,44,12,76.0660094416171,484.43349995390736,1,0,0
412,59,19,80.34876665964548,2768.0350996089387,3,0,0
413,19,44,87.64679372263622,3575.6720595157867,4,0,0
414,43,59,100.49889996807697,919.8743896051958,4,1,1
415,34,49,46.98207201282143,3925.09541538523,4,0,0
416,57,61,102.5049410180062,2960.486624519147,3,1,0
417,50,17,69.82556822634535,4765.886749918213,4,1,0
418,26,57,27.70582791343312,307.8692612137693,3,1,0
419,60,55,25.85509292439792,1400.098074021788,2,1,0
420,65,47,53.42383186960608,3047.614008569138,1,1,0
421,56,12,98.48969771114676,1553.1435698090604,1,0,0
422,46,62,90.76809347409157,3600.6784039490867,3,0,0
423,59,8,98.86149646724064,3819.125884357462,2,0,0
424,43,21,71.72690564416094,602.3282239257248,3,0,0
425,52,70,64.01989979554907,2617.886874613162,2,1,0
426,67,25,34.745252670628396,2593.563722396174,4,0,0
427,42,12,52.81927536093116,1909.4757740561513,2,1,0
428,41,15,63.40193661738753,4671.331826591393,2,1,0
429,30,59,28.860042967961725,4154.780967378783,2,0,0
430,24,26,42.06119527112112,3516.32597135722,1,0,0
431,53,26,79.82252940637389,3600.200515101488,2,0,0
432,62,47,93.56631142391899,2362.4091046842836,4,0,0
433,37,32,119.83475113929497,4612.873153373222,4,1,1
434,18,10,113.31133313435576,3503.5175935410984,4,1,1
435,25,16,84.25651995351916,3672.0072021135006,2,0,0
436,63,71,62.1248053294072,4322.2854285579915,3,1,0
437,33,17,83.61773647082327,1442.950787776736,3,1,1
438,31,23,98.56516180802319,4054.6474289468447,4,1,0
439,29,26,31.833619092338733,1056.678954486811,1,0,0
440,68,7,60.99048896962883,1792.1755659999503,3,1,1
441,40,14,103.98022856356172,1744.4912259222292,2,0,0
442,32,7,58.3832951933044,4894.774795106789,3,0,0
443,45,9,77.18722712271865,4297.032396364842,4,1,1
444,51,48,78.77693608621982,3535.7323217922726,1,1,1
445,19,59,38.447625313363936,3662.5781319154116,3,0,0
446,49,39,56.22354416522884,2854.1566925725983,3,1,0
447,40,18,53.451128874193216,4740.744268831743,4,1,0
448,39,59,22.61967085320648,2531.6678891235715,1,0,0
449,68,17,22.419176389135526,1964.5367783624831,1,0,0
450,42,14,103.16970436757735,898.8731509647959,4,0,0
451,39,31,47.30708099728124,3952.407696079184,2,0,0
452,39,24,71.80787662388154,3698.775267170398,3,1,0
453,66,60,49.8725573588773,1983.3396887682609,2,1,1
454,69,45,114.06792451153404,223.44772840022387,3,0,0
455,59,3,45.92967588657737,4211.0869058182525,3,0,1
456,23,37,62.96568127389351,155.9481189249608,2,0,0
457,32,43,107.27302504846018,3548.1289201823497,4,1,1
458,60,40,104.19335667918087,4854.25983765768,4,0,1
459,54,55,38.61014178462773,2244.540507926197,3,1,0
460,50,39,100.26433097957104,1251.3696844801686,4,0,0
461,25,15,65.81868867378927,3553.8679492125702,3,0,0
462,61,4,68.29688720853552,4103.927895876367,4,0,0
463,61,25,33.34799724159438,2777.5085487814517,3,1,0
464,22,13,28.060151375712465,4838.4728487551165,4,1,1
465,56,33,92.79393069737652,353.1767361240094,1,1,0
466,21,16,69.64611523552998,2573.4984316921878,2,0,0
467,23,42,63.68507026151796,3620.4243418804954,1,1,0
468,62,66,92.95082286523967,4326.938308630977,2,1,0
469,49,55,96.55128989911097,978.3524983481713,2,0,0
470,69,42,35.89081676693536,4020.017060642039,3,0,0
471,47,34,81.02251494776414,2808.264671020872,2,1,1
472,64,30,33.535408227768556,2043.1130417508198,1,1,0
473,52,13,95.13750860290457,745.4036400375585,1,1,1
474,57,13,85.69551562671396,4339.949218653671,4,1,0
475,69,18,115.6614621083458,870.6387200806053,1,0,1
476,33,32,26.89580163564212,1617.9605101245863,4,0,0
477,30,39,25.70547211512543,1521.2231066159407,2,0,0
478,67,46,48.218707469320016,4369.928767535186,1,1,0
479,59,29,46.1705683735906,3396.2446716236004,2,1,0
480,47,62,44.69787990719998,4003.7388462377244,1,0,0
481,36,62,110.62545805210367,1327.292704083245,1,0,0
482,34,57,44.95461998495061,3161.883088074295,4,1,0
483,36,16,47.1949726128631,2901.5553174043685,2,1,0
484,45,56,95.93982624179637,4180.868846262529,1,0,1
485,43,10,64.973984245054,4539.826596358176,3,0,0
486,54,30,97.67105569551812,159.56818023919536,2,0,0
487,43,25,26.536615756438522,3402.697603388084,2,1,1
488,40,5,68.75711936733843,353.99541568667223,2,1,1
489,26,65,23.361360018328263,2789.407458879044,4,1,1
490,29,49,26.26532034553545,1509.4003723140231,3,1,0
491,18,3,110.64374533444109,1603.205337658492,2,1,1
492,18,45,33.92453711175952,1829.4966669165472,1,1,0
493,64,14,73.24206822752171,3144.3330003430897,1,0,0
494,51,30,61.10956026007065,1736.8448317769692,4,0,0
495,49,68,54.73433262588427,3690.225347892374,1,1,1
496,65,18,109.98333456872724,2082.1841893119617,2,0,0
497,42,62,22.18233967754895,434.9306815187972,1,1,0
498,57,37,86.37896861755891,3940.4232281721256,2,0,0
499,62,25,116.33944342135504,1500.2157905042595,1,1,0
500,18,48,76.0168183461842,2220.557710036387,3,0,0
501,33,65,113.68224620330918,3458.6750277873175,4,0,0
502,56,53,25.225787928602376,1729.035170028689,4,1,0
503,22,15,61.87933190741614,377.26971511890656,3,1,0
504,39,49,46.015779096205115,1932.2131303627866,3,0,0
505,46,68,93.08209649807299,4727.798055202087,4,0,0
506,20,12,118.12970904972467,3244.4985467629353,3,1,1
507,29,59,45.65300624442478,3390.247828469314,2,0,0
508,43,37,85.41746014740745,3198.1825528244353,1,1,1
509,33,61,39.809763275974014,1075.0614809012404,4,1,0
510,68,43,76.53302545716099,2149.835934101173,3,0,0
511,54,70,66.39324866883362,3779.6050119802594,2,1,0
512,39,39,117.2005329631537,596.7271980104798,4,0,0
513,46,56,80.85272726964666,1461.4786028395902,3,0,1
514,31,63,54.950637208681876,1453.9636314826828,4,1,0
515,45,46,31.409578488793336,2216.8927452130793,3,0,0
516,22,11,35.124682873493455,4903.806830616707,4,1,0
517,64,62,42.53169299512351,430.7624787507275,2,1,0
518,66,25,45.0966661340298,2641.6348724649156,2,1,0
519,47,71,105.06160578411378,978.8869418598313,1,0,0
520,63,52,76.12227882825249,4856.315072507747,4,1,0
521,69,4,72.33909113743664,655.1871731645746,1,0,1
522,22,59,31.476887186921747,2077.644911571797,4,1,0
523,29,20,106.0139693349435,3715.6364256895704,3,1,0
524,33,63,92.28143032084837,3552.316697334482,3,1,0
525,43,54,26.76683619000016,2171.3703207802682,1,0,0
526,43,57,90.78350972297687,1797.9684229683194,4,0,0
527,65,41,74.35382173426461,2048.300654909066,1,1,0
528,38,3,28.172534574677826,1394.9536894773325,2,1,1
529,56,6,65.83006415286565,1106.131399663319,1,0,1
530,53,5,68.4696287130047,2466.894518038561,1,0,0
531,50,5,36.57745401632758,1415.815404731276,3,0,1
532,47,54,114.56981470002823,1508.5621579965255,1,1,1
533,54,47,104.99753714806619,3318.1047110253294,4,0,0
534,40,49,86.90223373291083,4845.832925329471,3,1,0
535,27,9,66.22955610006072,3057.822282740938,1,0,0
536,22,20,61.17655415845085,477.19938861833475,2,1,1
537,53,61,85.09734671509541,470.3597078849282,1,1,0
538,51,35,74.54318694069055,4761.973782143274,1,1,0
539,69,50,26.227310588188562,1556.7248725059349,1,0,0
540,48,62,71.25026487703317,551.1282318041297,3,0,0
541,27,17,100.64036172328395,3035.31847703687,4,0,0
542,36,3,65.9239877596958,3155.879013622304,2,1,1
543,49,32,25.195657755426843,3277.673618581572,1,1,0
544,18,13,98.6278199384033,1410.2699365019523,4,0,1
545,22,68,40.13637821359744,174.04235265092768,4,1,0
546,62,14,45.862083488803876,4828.575310326912,3,1,0
547,21,11,36.47063534322959,1329.3759238864022,2,1,0
548,33,56,53.02150648714976,3412.528811457483,3,0,0
549,41,67,95.6751505688635,3562.486362405677,4,1,0
550,33,29,71.93858595039373,3089.03634368948,4,0,0
551,19,9,40.488127415071254,1633.2462316468764,4,0,0
552,66,67,107.78300781520409,1428.3716434439223,3,0,1
553,45,25,107.95818549515292,3028.574585243245,2,0,0
554,49,42,107.05784250460069,4343.868604697288,1,0,0
555,44,9,43.87962113815393,4738.995271724639,3,1,0
556,37,40,65.12393441809881,618.9384415784124,4,0,0
557,41,25,118.49896561408751,858.6602017288272,3,0,0
558,29,5,97.20124763099903,4729.20766803709,4,0,1
559,67,11,22.71674212255598,3709.0226188404836,1,1,1
560,52,59,26.520459126049204,4426.669741665888,1,1,1
561,50,38,66.39313768123327,1092.8999072631814,2,1,0
562,50,5,110.92202058615601,2979.170768436069,4,1,1
563,68,48,73.87017979527143,3535.584012645621,2,0,0
564,60,18,69.78125080342903,3432.548238690166,2,0,0
565,54,70,30.547369995663058,2099.943285246821,1,1,0
566,29,37,85.6780104724294,175.43496928741155,3,1,1
567,20,60,102.21031606002255,2956.3376783408894,3,1,0
568,18,48,58.04200075075623,1340.1975419800829,2,1,1
569,50,28,97.56118509253275,2306.2458061001626,1,0,1
570,57,69,116.44766539008116,4792.146973910705,4,1,1
571,27,40,40.37664591276891,2055.27305644793,3,1,0
572,60,45,72.33296311947413,4215.027872655691,2,1,1
573,61,62,48.713795808457554,1023.8489681713305,3,1,1
574,46,58,99.28544190338394,3395.0564403226413,3,1,1
575,30,67,77.75933658811576,4887.334076750823,4,1,0
576,29,56,83.45824175503037,599.2761942773902,1,1,1
577,48,40,99.79141596158941,140.76771691324086,4,0,0
578,63,40,59.59704726624549,2224.5556838998104,1,0,0
579,19,33,111.50900684070432,553.8648669516992,3,0,0
580,68,6,73.302886724614,3767.0833134135337,2,0,0
581,67,19,35.7954822835348,4581.288452857939,4,0,0
582,52,40,89.58991181688025,2226.7027662729183,1,0,0
583,40,59,99.32613504382545,1367.6870465616607,3,1,1
584,34,59,51.676167706752665,2228.576263132388,1,1,1
585,43,48,105.7179256998753,3644.894307465005,1,0,0
586,25,41,110.61432547657664,144.36539174381778,1,1,1
587,46,13,47.6904487377809,2988.3245484750164,3,0,0
588,43,45,118.3521472715222,3105.1292559481576,2,1,0
589,27,53,34.071152804875844,3224.672409790084,2,1,0
590,43,42,40.201566840249,1285.9081919062983,2,1,0
591,51,63,38.422483923802616,3598.858344552821,1,1,0
592,68,27,109.39897100078704,547.8182830257044,3,1,0
593,58,38,85.42925523249619,1076.424648687324,1,1,1
594,24,60,35.21042832222729,4399.603228606961,2,0,0
595,21,7,64.03234183683489,3719.743438560175,2,0,0
596,67,5,81.5298025069802,167.35321465559173,3,1,1
597,62,45,28.34640849893833,1317.043675812021,1,0,0
598,28,58,108.24163684073388,1150.5917666665064,4,1,1
599,46,31,100.36035354415351,1426.9510073811657,4,0,0
600,53,23,70.52067735766383,1313.0428743714433,2,1,0
601,42,42,116.71266152591704,406.3788491399441,3,0,1
602,38,10,61.77609792750997,2348.8085313244196,1,1,1
603,53,32,118.41103190364979,3690.3940264522093,1,0,0
604,27,53,86.79199988036271,3072.9854511154385,2,1,0
605,54,30,83.46712732539415,3397.071176130591,2,0,0
606,26,39,36.5954895295785,497.63097482757183,1,1,1
607,41,31,108.1927758304644,4762.304479866258,1,1,1
608,52,2,62.74896879206152,4208.609985830822,2,1,0
609,66,12,36.223340578247935,4044.9425606287473,1,0,0
610,52,39,21.260751997575905,4132.620644704661,4,0,0
611,65,66,75.97556836383825,4670.28148985053,2,0,0
612,53,13,72.73996221226764,2766.844433957119,1,1,1
613,35,46,91.93536223691585,1081.3818875513668,2,0,0
614,66,27,109.02580530178021,3122.239678477452,3,1,1
615,56,17,27.940658464302953,3740.119318972901,2,0,0
616,49,60,93.14964903403623,3715.7952274347244,2,0,1
617,41,64,38.74119440975822,2655.1002184177123,3,0,0
618,40,35,105.8177053157164,435.44772473453247,4,0,0
619,49,70,101.90635138616561,1918.4533983076265,1,1,0
620,54,30,74.07937549855444,4611.756381470451,3,0,0
621,29,71,91.02427986233116,2963.7996578113875,2,0,0
622,66,63,51.43501131837484,2737.826521952996,1,1,0
623,30,28,67.11678989328146,1417.3822204727483,3,1,0
624,40,60,102.16368977104716,1905.3997075912366,1,0,0
625,42,37,65.92651971732138,4487.195836850529,1,0,0
626,52,22,55.77982653254418,3365.668932881495,3,1,0
627,58,68,69.42124472503,3958.196431086431,1,1,0
628,47,20,102.82492524372184,2326.29257303151,4,1,1
629,34,68,53.520804737087275,3188.2113753351737,3,0,0
630,66,64,37.37615931357438,1317.079682841717,4,0,0
631,37,17,91.20140203307808,3556.758068389083,2,0,0
632,65,12,102.59782127080818,2195.246535146353,1,1,0
633,42,22,30.063747852353334,2268.4730225922535,2,1,0
634,39,17,43.98741127559447,3281.67939042672,2,1,0
635,30,10,34.197198976099386,4687.775045197741,1,0,1
636,36,65,54.79414115821666,413.6310983822425,3,1,0
637,66,22,65.03509789054127,4141.241863000338,1,0,0
638,53,50,94.88263369633064,1532.6772410197464,2,1,1
639,29,14,85.11475848816741,2275.205327081251,2,0,0
640,58,64,82.09285674784311,207.37531099754386,3,0,1
641,36,47,55.23749466096544,1575.1257813881339,1,1,0
642,29,29,104.144755308476,2562.8930888876394,2,0,0
643,26,36,67.12871673981645,375.26277900245117,4,1,1
644,24,52,117.91049380151546,2506.3690739775093,2,0,0
645,45,7,83.41421382957368,4642.842081406294,2,1,1
646,31,29,32.62647415645027,616.4267687282456,3,1,1
647,48,11,87.6177562075434,3845.7595675699713,4,0,1
648,69,33,52.5104015431699,2107.388161542364,2,1,0
649,36,6,88.63271966860974,3310.3512011692565,2,0,1
650,64,32,26.964114816240574,1375.159330127624,4,1,0
651,33,51,37.48814371759594,881.5120864526556,1,1,1
652,22,58,105.57372589057863,886.2668099290095,1,1,1
653,52,26,42.71795570235149,445.4105336514088,2,1,0
654,29,46,103.704112524294,1009.6688540160908,2,0,0
655,42,29,47.92760884544104,3354.6749864459443,1,1,0
656,69,4,84.28819100587077,4420.283998033189,3,1,1
657,38,13,89.4150573509831,4089.215859396693,4,0,0
658,53,39,71.2654753145053,3457.158118384972,4,0,0
659,40,15,50.53106766967313,641.1161307144031,3,0,0
660,33,29,41.26443763710961,1517.0184868501542,3,0,0
661,56,29,23.31893545624262,1618.053689080098,3,0,0
662,62,32,50.39464012407238,1324.789037348344,3,0,0
663,59,2,85.3162790531283,2623.5277325776433,3,1,1
664,56,47,113.83048184484826,2724.213692910396,3,0,0
665,31,22,107.1204482263052,1848.74127833844,4,1,0
666,48,27,96.60647765353026,1833.5668778085364,3,0,0
667,22,67,98.84473432532987,4159.922429739799,1,1,0
668,52,56,86.49849034759953,3967.5349567664593,3,1,1
669,40,21,46.0286857566003,1608.1995752356536,3,1,0
670,46,47,110.71950307058299,4577.56337497897,4,0,0
671,60,59,87.0732311905834,4768.793583312279,4,0,0
672,28,6,76.04406309804399,1701.0384559472,3,0,0
673,35,19,31.09894692134811,1836.6822490859688,4,0,0
674,64,57,64.70555438064254,2577.607351767598,2,1,0
675,29,69,66.03582712019264,4711.491981415,4,0,0
676,26,3,106.45636095226699,4393.965222397326,4,1,1
677,27,1,74.66482201877885,602.58301665959,4,1,1
678,61,58,58.04005489704097,2024.3806420299395,4,0,0
679,34,38,117.68003285106593,2811.518829773882,1,0,0
680,55,15,31.072059332631568,2565.3491155025463,1,0,0
681,24,34,62.25484283119446,1049.9290328907741,1,1,0
682,63,61,24.20246751714053,4308.202178723958,3,0,0
683,30,35,93.99041207669303,3417.009836684503,3,1,0
684,57,64,111.80765521991506,4205.751036773838,2,0,0
685,59,25,48.003732955048946,4307.944968812414,1,1,0
686,26,24,105.83416767991208,3766.943682962125,3,0,0
687,67,12,49.221823046189776,2252.131946123615,4,0,0
688,44,18,111.07701616439152,3091.6790995755805,4,1,1
689,19,15,95.3961903596784,885.7904899867415,1,0,0
690,22,27,100.49067768414386,3400.862545627048,2,0,0
691,46,60,21.80065556004545,978.3409531224756,2,0,0
692,54,46,116.2810357074026,3500.352993499768,4,0,0
693,55,17,92.66709920703232,1225.0309876944464,2,0,0
694,36,53,50.47510953861333,676.0013707360779,1,0,0
695,25,8,102.9394664858847,909.8940017004915,4,0,1
696,65,27,48.152119841493,109.7614625734443,3,1,0
697,62,46,107.2753839566128,3621.824127482298,3,1,1
698,18,50,31.2580390411937,3688.7651403860577,2,0,0
699,39,71,90.36859774607957,2623.1734145749715,4,0,0
700,69,3,74.06984766449104,890.6777251713801,4,0,0
701,34,64,29.653447019544082,509.41625380237974,3,1,1
702,24,44,44.1893828258839,193.73193554270637,4,1,0
703,42,53,21.240403627731478,912.1660671295815,4,0,0
704,62,24,66.87679654645058,4465.192121417419,4,1,1
705,21,60,50.12652607600003,1283.5305243382406,2,0,0
706,53,3,79.83574842977589,1835.9295033643568,4,0,0
707,23,20,49.72378077086172,616.1928739585326,1,0,0
708,48,46,49.99191115069847,1189.5703932660344,2,0,0
709,36,15,94.31931987316034,2644.200396823005,4,1,0
710,61,25,24.814283597835345,3077.9881471686977,4,1,0
711,56,71,110.28949951919873,1302.2263394144343,1,0,0
712,44,17,105.22638743911814,382.8875802030743,2,1,1
713,27,9,86.78046832264066,2016.0610587242534,3,1,1
714,43,38,79.32215701073844,1247.5965175390372,3,0,0
715,36,48,109.23024981396523,1175.8142238260295,2,1,0
716,56,60,38.53301795287145,4803.327733295931,4,0,0
717,20,63,27.89691621908286,3119.872381036048,4,0,0
718,62,2,43.95101699095381,2828.70437154327,3,0,0
719,30,11,99.45782787001903,2137.2980072642777,3,0,0
720,67,64,23.46702667264833,2201.8272338077068,3,1,0
721,45,21,78.28068350834897,2750.434518806596,1,0,0
722,37,18,119.54375161913099,3512.5060544769253,3,1,0
723,45,64,105.56960938375394,3540.5158712909642,1,0,0
724,25,38,72.14456890435895,941.3001477567029,2,0,0
725,58,32,26.364090928664233,2550.552485175472,4,1,0
726,56,11,103.13735143857099,2118.5946656670994,3,0,0
727,18,45,79.89785081772106,4365.582134719983,4,1,0
728,20,33,31.493299705956684,3193.9527139700444,4,1,0
729,30,41,29.385728482335622,2709.269925438311,3,0,0
730,45,8,110.96268194365923,665.4337466766951,3,0,0
731,66,11,86.92002629380784,3067.6256576847163,2,0,0
732,42,51,102.92867993167555,674.2991378331437,1,0,1
733,50,41,107.89789002822673,1752.3122202721852,1,0,0
734,55,17,77.17723520483221,799.9256275902261,4,0,0
735,23,46,71.74463517550413,3491.1608704194077,3,1,1
736,61,32,63.042741032099016,1110.6353577971477,2,1,0
737,62,54,51.69465877911193,2020.1109286213273,2,0,0
738,49,20,63.459596085871176,4488.806410332016,2,1,0
739,62,33,97.38796557301563,1101.1502786549545,2,1,1
740,64,40,80.19234310151316,2588.244813398018,2,0,0
741,38,32,109.2523289954846,2154.431139713508,1,0,0
742,33,2,64.33800143791876,188.8078011240757,1,1,1
743,38,33,80.7089578718754,3984.5147565067828,1,0,0
744,28,30,83.13075530919888,438.32494094153867,3,1,0
745,54,33,79.16971623063256,2423.849602787073,4,0,0
746,53,26,90.26337730855164,2847.3236452008546,2,1,1
747,52,22,43.74334683748063,3179.2896374114766,3,1,0
748,36,66,71.23637775457907,3474.2949836085904,2,1,0
749,37,38,30.42248028083477,1341.0346792613038,1,1,1
750,35,46,58.45113276448126,148.89600562640192,3,0,0
751,64,15,68.76670686212644,3644.8739455390687,1,0,0
752,58,44,85.22242595454725,2724.717336803135,2,1,0
753,66,49,115.05310525862035,4196.9767457155185,2,1,1
754,31,61,80.06510665483559,4124.802978213402,4,0,0
755,32,67,94.35939161765597,4232.298222160627,2,0,1
756,48,6,70.62660594952027,2476.9638338997465,1,1,1
757,18,9,83.41040313763312,1734.7791396006417,2,1,0
758,20,6,27.093221613377345,3978.635192697713,4,1,1
759,33,32,45.4391580841847,2311.3411538433493,4,1,0
760,40,41,56.185309320513866,998.8667623768291,1,1,0
761,28,8,67.24933550065136,4289.372695851224,3,0,1
762,29,50,24.564874550238372,4424.543396184502,2,1,0
763,27,62,34.00240975533177,2384.9178050868336,4,0,0
764,49,62,47.68143077913058,470.9286638179586,2,0,0
765,33,7,117.15326909010507,2000.3478405929632,2,0,0
766,25,4,53.134700710305076,4037.3345313667564,3,1,1
767,55,6,68.20410581120825,4518.69273987652,4,0,1
768,29,58,39.60977127383929,1097.0164382382195,2,0,0
769,41,22,81.07800710757682,428.17069892383046,4,0,0
770,45,26,48.068321551597435,4399.017220350909,1,0,0
771,25,3,40.69925784384267,2008.084200996489,1,1,1
772,45,41,71.65726284459791,2754.62872491106,2,1,1
773,53,60,20.550579916042082,4843.522479048719,4,0,0
774,43,14,20.766403264922534,426.16716677969197,2,0,0
775,25,12,41.90688091018578,3276.7582365152684,4,1,0
776,67,12,23.672136250082115,463.11657061684866,4,1,0
777,45,13,30.802575413069135,1939.797749485852,3,1,0
778,45,25,53.88606493387516,4038.691271447889,3,0,0
779,54,45,100.25856795798128,2224.0139405026084,3,1,0
780,58,19,77.20486433693009,4986.193534124457,2,0,0
781,53,55,71.26677259564164,2839.390496238351,3,0,0
782,44,45,49.348882320812166,1673.694547916172,3,1,0
783,34,8,113.17537194328163,1178.5454969332905,1,0,1
784,26,53,59.70150412371917,1817.5506180021928,4,1,0
785,50,55,28.70927667957715,1925.4130414217989,4,0,0
786,37,32,81.70665161178013,436.6970208474088,3,1,1
787,30,51,31.383839347660142,1910.9135771911886,4,0,0
788,45,44,54.52231428016921,2374.768746722202,1,0,0
789,65,70,70.7411938717809,3641.414985970143,1,1,0
790,46,18,107.42225246851758,3317.974475135879,3,1,0
791,30,22,69.35465803401186,3572.951710622856,1,1,0
792,63,37,90.22587660316643,140.98204119659977,4,1,0
793,52,56,119.28168389990704,1166.5702579446265,2,0,0
794,23,59,33.148911989798165,3342.2530131592966,4,1,0
795,35,3,47.473152551951955,2471.547904080761,2,1,1
796,68,28,59.45760755976464,126.03603077489514,3,0,0
797,22,35,62.18281785388314,4042.0237479159296,2,1,1
798,64,61,61.102107526554576,3886.766909122653,1,1,0
799,42,54,110.76110025565549,2787.2538986684567,4,0,0
800,19,63,91.40326444668564,425.6702963037334,2,1,1
801,27,7,80.79052140907038,3855.9237427096646,4,1,1
802,47,49,50.93727178627821,2960.196579883683,3,1,0
803,67,31,102.37903842212947,3931.6038880739998,3,1,1
804,62,58,115.5060511484989,3783.560262739618,1,1,0
805,22,61,102.11982825502265,4034.7101525934017,3,1,1
806,50,24,20.15651051914729,2638.2395253826617,2,0,0
807,18,20,83.64013701834071,787.5901391482234,3,1,1
808,35,37,25.11353814421007,3388.6716195604745,1,0,0
809,49,4,45.76072203337219,3140.321546754656,4,0,1
810,64,20,25.952470034777168,3737.040617275527,4,0,0
811,66,60,80.37954529493877,932.416929648603,3,0,1
812,28,24,88.65899134926067,1055.378479511417,2,1,1
813,38,50,31.448763806590513,4463.006634374709,1,1,0
814,43,49,58.38388830449795,3774.891212415147,2,1,0
815,42,51,65.62365089555419,4550.319594631582,1,0,0
816,39,36,56.90530217609166,3817.7050737032114,3,1,0
817,44,66,32.1025000485193,3026.060999352479,1,1,0
818,66,34,61.89477901874754,3305.250411436581,1,1,1
819,30,36,95.11780478084181,4456.726827306049,3,0,0
820,50,6,27.100766453325548,2936.1530971085085,2,0,0
821,51,39,28.018001408190344,3198.7174892090984,3,1,1
822,58,42,55.47712918359842,866.7359084176428,1,0,0
823,52,58,114.1725711618925,2422.2139785689033,3,0,0
824,18,12,86.85726467229141,3610.345848594685,1,1,0
825,38,3,87.86699566725648,1427.6192217501905,3,0,1
826,65,18,56.1919990837865,1091.045484570221,4,0,0
827,23,40,79.36607912085384,1637.7513602996362,4,1,0
828,45,21,21.01311840277434,1283.3530771648839,3,0,0
829,34,15,83.60960464095422,1153.0719214783396,2,0,0
830,22,26,111.32869475762368,2181.769130053626,1,0,0
831,48,8,81.25734683448192,4548.408718029317,4,0,1
832,22,42,107.3698593466345,2584.5922690197194,2,0,0
833,55,44,92.39730554660937,1020.8098659950829,1,0,0
834,20,14,32.055841640369025,477.161179966283,4,0,0
835,40,2,110.24533072858418,3511.1651111758338,4,0,1
836,54,37,26.64438443557749,1975.7139457383003,3,1,0
837,54,69,73.39674725477639,4126.97163826826,1,1,0
838,27,38,34.213712379345765,3331.602766339774,2,1,0
839,27,41,21.170661073090407,4001.5831076527056,2,1,0
840,36,62,62.2034260127639,1432.5355931503989,2,0,0
841,34,60,49.50407076541562,3492.558720059185,1,1,0
842,38,14,68.60004937976029,1393.903724999222,2,1,0
843,31,2,77.71998867345508,4701.435549306429,2,0,0
844,26,70,24.373907230894737,3218.2339795135345,2,0,0
845,63,17,32.30032951237456,1690.1078208591762,3,0,0
846,18,28,75.86423964504255,1420.608125232136,3,0,0
847,68,66,54.316735317265824,1035.5402668510533,1,0,0
848,62,35,92.9173487549448,3503.7406985792663,1,1,1
849,30,5,85.22916485919397,1171.7065036898437,2,0,1
850,21,65,104.56043629899068,3016.986003044696,3,1,1
851,18,40,89.24928266692253,1396.711631934251,4,1,1
852,66,56,62.99310773901481,3343.647829489956,4,0,0
853,57,36,87.29666223944324,4093.204669848642,2,1,1
854,49,45,47.538117425541856,3912.3236914088006,2,1,0
855,51,23,50.631349877821265,3828.1715215608306,3,0,0
856,45,47,98.89851599207933,1019.8397878920351,3,1,1
857,48,31,64.64195164015823,533.0862402241416,3,1,0
858,25,11,99.83803405183525,3524.8492595881894,1,1,1
859,56,10,102.24223736682784,1904.9013475923214,1,0,1
860,43,67,105.75623376612837,2218.4965093764017,2,0,0
861,51,14,111.66352358412072,252.6305546876162,1,0,0
862,20,10,63.098522051329624,1371.924601447741,3,1,1
863,67,1,51.88668183211388,265.0143789848737,3,0,0
864,29,5,78.21987465941139,4408.010285746113,1,1,1
865,18,20,57.117242343762754,1292.6437477707993,4,0,0
866,61,8,80.1074166800233,2830.9521309077395,2,1,0
867,22,43,90.55858626438246,290.998671239539,4,0,0
868,47,1,88.84050184921368,3367.5522173977247,2,0,0
869,47,57,57.45528870201213,1682.8339941950599,4,1,1
870,34,64,36.68602016987528,4499.804016092562,1,0,0
871,65,28,63.05293384622075,4451.779125776776,2,1,0
872,64,37,34.25941440819088,1693.924029972564,2,0,0
873,40,47,109.00970351838083,4514.708388883293,2,0,0
874,32,37,54.58774607378574,4981.1726001440165,3,1,0
875,54,49,35.44597472233238,4144.536754207345,3,1,1
876,38,44,22.544775990575086,4239.869604000622,4,1,0
877,31,56,84.58223862864843,1320.1428069345407,1,0,0
878,19,28,83.69023174547432,2925.841754403006,3,1,0
879,28,6,54.060416658129164,429.55397844010247,2,0,1
880,68,61,27.1711888847651,565.0978904261816,3,1,0
881,56,20,60.9628894895232,4994.573798963124,1,1,0
882,55,2,51.121749506339356,1700.5323221869635,3,1,1
883,51,37,87.71206397350093,3766.101169039347,2,1,1
884,55,20,80.57792494526903,4052.658759831401,4,1,0
885,67,26,56.459372819754,4304.314027935423,2,1,0
886,51,29,41.78925542549901,4988.378657270567,1,0,0
887,35,1,118.80359661555919,1283.3327777586524,4,1,1
888,47,35,65.40016211961148,297.7190516125286,3,0,0
889,32,70,88.82742357802371,2114.8384381734713,3,1,0
890,44,59,34.055296757836075,737.3952821618401,3,1,1
891,68,69,68.55896996593978,209.8868568940701,4,1,0
892,51,33,22.75367198694655,1866.091452993282,2,0,0
893,69,51,70.54551179104499,3940.3174302686584,4,0,0
894,55,12,116.40174071177023,2874.285387002847,4,1,1
895,50,20,58.420671298580025,1632.612147130735,1,0,0
896,41,53,23.89960125749116,3306.2758269143264,4,1,0
897,32,43,23.095579091934354,1236.8890835131724,3,1,0
898,47,50,58.798675994686946,170.46908575321663,2,0,0
899,59,29,36.00249364631941,3845.331593538494,2,0,0
900,68,57,22.33520963281859,3156.3411158336444,2,0,0
901,34,39,95.62136139501769,3835.282860054704,3,0,0
902,22,56,65.85230088818906,290.79628176956146,3,1,0
903,46,43,48.92447719726545,4201.886176370196,3,0,0
904,21,50,110.00831830164807,3135.678380177886,3,0,0
905,27,23,31.61389602005256,2860.6372184919364,3,1,0
906,34,44,115.59188289553192,3160.608835761205,4,0,0
907,27,38,51.39667173773528,4335.722909654984,3,0,0
908,34,23,108.84036723086813,2975.9888821386444,3,0,0
909,37,45,80.29428764794616,2946.656861452079,3,0,0
910,41,52,102.67073597414874,4954.327869622252,3,1,1
911,22,50,118.40131632104642,3807.977818635983,2,1,0
912,51,8,48.84054378187457,2267.2396467105627,3,0,1
913,23,1,116.1135485407593,3566.2453001613458,4,0,0
914,19,8,58.94818949024204,2007.2293112897635,4,1,0
915,30,29,58.55119047369223,1221.489766169145,4,0,0
916,60,5,54.03871042545057,3024.574196750021,1,0,0
917,60,47,74.14076073475852,4648.092280758362,2,0,0
918,65,34,35.41450431784871,4652.783648075768,3,0,0
919,28,65,75.37114853580113,1775.3358627169025,1,0,0
920,68,55,74.1704812410004,2685.6195844863055,3,0,0
921,64,43,96.190181260487,1137.01590299232,1,0,1
922,40,30,103.36499619375856,4978.592436544529,1,0,0
923,33,17,64.0441350312424,4907.477748552885,4,0,0
924,48,26,50.233324935149376,3282.593755566492,4,1,1
925,28,8,45.93348973170944,4041.6288924196197,1,1,1
926,33,47,39.46238367048719,3603.99079029013,4,1,0
927,25,46,25.76475821990249,3006.4752732933944,1,0,0
928,21,68,54.244797883471335,361.4051852455987,2,0,0
929,57,33,47.02476921307833,2328.3452785080394,4,1,1
930,21,1,116.64173858664074,3406.4528806203116,4,0,1
931,42,19,75.77088262500439,3419.9049080300547,4,1,1
932,20,31,54.72770390305075,1928.3008302696796,2,0,0
933,49,14,78.0467600993696,4714.29073462435,1,1,0
934,20,53,33.91967013456955,920.0494579602268,3,1,1
935,44,48,64.40437492022029,2551.761286456247,4,1,0
936,46,69,82.62343214210638,3485.331485099032,1,0,0
937,49,62,68.88978317924514,3515.965448869865,2,1,0
938,67,66,60.177880065432426,3278.330888167196,3,0,0
939,68,64,119.38483888996981,1448.9122459141147,4,0,0
940,36,70,108.0314762148927,865.4121865644477,2,0,0
941,38,63,82.34059581594401,3216.107601450883,2,0,1
942,22,33,76.93773611822829,3036.580369083245,3,0,0
943,35,41,82.0660479824584,978.8444504172808,1,0,0
944,45,48,40.13121078224333,3555.1818132957605,4,0,0
945,59,13,59.51377432643186,2330.342759494916,4,1,0
946,39,31,23.945953289089932,3372.0268988554494,1,1,0
947,38,68,67.55460374868267,4203.098690873739,1,1,0
948,23,4,74.30245839576631,931.6693000269235,1,0,0
949,18,19,42.774973610320956,193.80985318449973,3,0,0
950,22,70,116.40288471655137,3917.602673339355,3,0,0
951,58,13,110.9454610937242,3087.517383247818,4,0,1
952,29,23,92.21432354559059,3528.233891148396,3,1,0
953,43,1,73.33866287653626,4206.959377444348,2,0,1
954,63,54,106.99691596476849,4033.7735806400524,4,1,1
955,51,71,33.06523438234629,4808.508719951241,3,0,0
956,66,15,99.0509794274885,2726.0818863753793,1,1,0
957,31,65,32.48208139668483,2493.6286000335363,2,0,0
958,43,71,99.42106625494054,2069.2472794645773,1,1,1
959,62,15,47.576756825135696,853.0861099366023,4,0,0
960,44,21,107.7090581018189,2905.77544112191,1,1,1
961,26,19,114.40420938253979,1457.361369197296,3,0,0
962,43,60,34.87959694051156,4614.40680984358,3,1,0
963,64,33,66.26756050653935,2957.6349409577783,4,1,0
964,39,49,118.09873781626851,3004.91688448974,1,0,0
965,64,35,68.34074359731466,1839.130838297349,4,1,1
966,47,44,106.35475225145451,354.7478246907667,1,0,0
967,60,11,78.87315221313199,255.54445032764423,2,0,0
968,65,66,57.53299079196019,2174.3422063506678,3,0,0
969,34,46,48.57835555258702,514.3703526764655,4,1,1
970,43,9,40.32230910860873,3073.5500821466817,2,1,0
971,53,3,96.17981913776973,4416.767727634321,2,0,0
972,18,26,58.65405068230279,4426.282600941739,4,0,0
973,25,48,71.12754622007512,3329.3225096479387,4,1,0
974,66,66,69.23254800011819,1135.0359742173619,2,1,0
975,52,70,77.72790292331312,4328.6844736584735,1,1,0
976,69,28,106.55771456245522,4441.85783303472,2,0,0
977,32,26,118.07393435834294,1063.6025662694976,4,0,0
978,64,25,60.758420857381694,3713.3878202763185,2,0,0
979,39,12,102.7518922106303,1503.9457897429024,1,0,0
980,31,5,96.45277946547176,4032.937530529355,3,0,1
981,43,48,77.35289514555733,4986.465709527653,3,1,1
982,45,37,115.60471436119332,247.1274261140248,2,0,0
983,40,44,40.04745155284028,4497.092742375567,1,1,0
984,31,15,30.92642103096214,3150.8896146334246,3,1,1
985,41,43,105.39619669554222,4869.5748339076235,2,0,0
986,19,48,63.91498166337483,2378.546635879495,2,1,0
987,62,70,104.69688542070605,4252.200859799731,1,0,0
988,43,46,109.30902051954149,405.73093613155845,4,1,1
989,31,43,26.245759361907144,1742.867345383649,2,0,0
990,68,21,108.34647629860606,428.38103498092886,4,0,0
991,24,23,64.83190553694222,4879.181354047446,4,1,0
992,20,47,71.04324890042322,4103.172145632,3,0,0
993,64,15,82.65925110932102,4277.482364105255,4,1,1
994,40,25,112.63826067300867,4696.029634026082,1,0,0
995,63,36,21.911609442976403,517.0070819869482,3,0,0
996,60,51,67.68434683178171,1989.4282033153336,3,0,0
997,64,15,88.77220424305607,448.07095631561043,3,1,1
998,62,68,92.27069576982285,1132.8861975951402,2,1,0
999,35,21,89.2532431537108,1223.8923074845945,2,0,0
1000,55,13,33.443512940812184,2398.6253341331358,4,1,0
